timestamp,user,src_ip,action
2026-01-19T10:00:00Z,anuj,203.0.113.10,SUCCESS
2026-01-19T10:01:00Z,anuj,203.0.113.10,SUCCESS
2026-01-19T10:02:00Z,emma,203.0.113.20,FAIL
2026-01-19T10:02:10Z,emma,203.0.113.20,FAIL
2026-01-19T10:02:20Z,emma,203.0.113.20,FAIL
2026-01-19T10:02:30Z,emma,203.0.113.20,FAIL
2026-01-19T10:02:40Z,emma,203.0.113.20,FAIL
2026-01-19T10:02:50Z,emma,203.0.113.20,FAIL
2026-01-19T10:03:00Z,emma,203.0.113.20,FAIL
2026-01-19T10:03:10Z,emma,203.0.113.20,FAIL
2026-01-19T10:03:20Z,emma,203.0.113.20,FAIL
2026-01-19T10:03:30Z,emma,203.0.113.20,FAIL
2026-01-19T10:03:40Z,emma,203.0.113.20,FAIL
2026-01-19T10:03:50Z,emma,203.0.113.20,FAIL
2026-01-19T10:04:00Z,emma,203.0.113.20,FAIL
2026-01-19T10:04:10Z,emma,203.0.113.20,FAIL
2026-01-19T10:04:20Z,emma,203.0.113.20,FAIL
2026-01-19T10:04:30Z,emma,203.0.113.20,FAIL
